model,accuracy,f1_weighted,precision_weighted,recall_weighted
logistic,0.9816,0.9815537016475344,0.9816144554979035,0.9816
random_forest,0.98,0.9799908889318837,0.9800401601779977,0.98
svc,0.9792,0.9791483026434497,0.9792332005608311,0.9792
gradient_boost,0.976,0.97599915457357,0.9760906488725264,0.976
knn,0.976,0.97597584863465,0.9760409940884698,0.976
